                  epoch,         train/box_loss,         train/cls_loss,         train/dfl_loss,   metrics/precision(B),      metrics/recall(B),       metrics/mAP50(B),    metrics/mAP50-95(B),           val/box_loss,           val/cls_loss,           val/dfl_loss,                 lr/pg0,                 lr/pg1,                 lr/pg2
                      1,                  3.853,                 5.4577,                 4.2178,                      0,                      0,                      0,                      0,                 3.8138,                 5.2683,                 4.1637,             0.00038341,             0.00038341,             0.00038341
                      2,                 3.0084,                 4.6296,                  3.811,                      0,                      0,                      0,                      0,                 3.9289,                 5.1084,                 4.2269,             0.00077961,             0.00077961,             0.00077961
                      3,                 2.5215,                 3.6214,                 3.0706,                      0,                      0,                      0,                      0,                 4.0351,                 5.0389,                 4.3397,              0.0011719,              0.0011719,              0.0011719
                      4,                 2.2136,                 3.0717,                 2.6619,                      0,                      0,                      0,                      0,                 3.7583,                 4.8136,                 4.1013,              0.0015601,              0.0015601,              0.0015601
                      5,                 2.1362,                 2.6143,                 2.4904,                0.95693,                0.11049,                0.35486,                0.12737,                 2.6411,                 4.0023,                 3.1381,               0.001634,               0.001634,               0.001634
                      6,                  1.904,                 2.1221,                 2.2281,                0.55381,                0.43446,                0.45942,                0.25866,                 1.7324,                 2.9094,                 2.4287,               0.001634,               0.001634,               0.001634
                      7,                 1.6608,                 1.7499,                  2.007,                0.90637,                0.80849,                0.88901,                0.54302,                 1.4292,                 1.6513,                 1.9917,              0.0016257,              0.0016257,              0.0016257
                      8,                 1.5123,                 1.4134,                  1.861,                0.91305,                0.91442,                0.97824,                0.61766,                 1.4475,                 1.3299,                 1.9137,              0.0016175,              0.0016175,              0.0016175
                      9,                 1.3897,                 1.2632,                 1.7367,                0.98923,                0.79941,                0.91455,                0.66318,                 1.1013,                  1.625,                 1.6803,              0.0016092,              0.0016092,              0.0016092
                     10,                 1.3117,                 1.1173,                 1.6703,                0.97136,                0.94237,                0.97789,                0.66466,                 1.2392,                 1.1961,                 1.7604,               0.001601,               0.001601,               0.001601
                     11,                 1.3019,                 1.0574,                 1.6268,                0.99989,                0.96603,                0.98313,                0.67343,                 1.1825,                 1.0173,                 1.6567,              0.0015927,              0.0015927,              0.0015927
                     12,                 1.2614,                 1.0412,                 1.6104,                0.97363,                0.96616,                0.99113,                0.73553,                0.97537,                 1.0056,                 1.5319,              0.0015845,              0.0015845,              0.0015845
                     13,                 1.1719,                0.93571,                 1.5052,                0.99489,                0.98037,                 0.9948,                0.74636,                0.96067,                0.89123,                 1.4878,              0.0015762,              0.0015762,              0.0015762
                     14,                 1.1484,                0.90122,                 1.5027,                0.99643,                0.97418,                 0.9948,                0.77814,                0.84787,                0.79296,                 1.3885,               0.001568,               0.001568,               0.001568
                     15,                 1.0903,                0.88979,                 1.4788,                0.98282,                0.99144,                0.99443,                0.73803,                0.95124,                0.94799,                 1.4726,              0.0015597,              0.0015597,              0.0015597
                     16,                 1.0417,                0.79562,                 1.3891,                0.98527,                  0.995,                0.99445,                0.76173,                0.89029,                0.69861,                 1.4097,              0.0015515,              0.0015515,              0.0015515
                     17,                 1.0226,                0.74997,                 1.3971,                 0.9945,                0.98669,                0.99459,                0.75646,                0.89076,                0.78031,                 1.3971,              0.0015432,              0.0015432,              0.0015432
                     18,                 1.0855,                0.75408,                 1.3922,                0.99631,                0.97459,                0.99063,                0.78556,                0.81263,                0.74628,                 1.3478,               0.001535,               0.001535,               0.001535
                     19,                 1.0344,                0.72317,                 1.3548,                0.99418,                   0.98,                0.99401,                0.70963,                0.99296,                0.78272,                 1.4646,              0.0015267,              0.0015267,              0.0015267
                     20,                0.98409,                 0.6899,                 1.3439,                0.99903,                0.96978,                0.99331,                0.75227,                0.88625,                0.67961,                 1.4155,              0.0015185,              0.0015185,              0.0015185
                     21,                 1.0095,                0.72502,                 1.4004,                0.99618,                0.98239,                0.99428,                0.80448,                0.76218,                0.57618,                 1.2979,              0.0015102,              0.0015102,              0.0015102
                     22,                 1.0285,                0.71297,                 1.3904,                0.99621,                 0.9655,                0.99383,                0.77211,                0.85607,                0.75141,                  1.382,               0.001502,               0.001502,               0.001502
                     23,                0.99132,                0.69367,                 1.3506,                0.98757,                0.99319,                0.99485,                 0.8092,                0.76637,                0.60235,                 1.2993,              0.0014937,              0.0014937,              0.0014937
                     24,                0.95371,                 0.6478,                   1.33,                0.99512,                   0.99,                0.99488,                0.76735,                0.85486,                0.60672,                 1.3583,              0.0014855,              0.0014855,              0.0014855
                     25,                0.95725,                0.63131,                 1.3195,                0.99783,                0.99354,                0.99358,                0.79343,                0.76944,                0.55235,                 1.2769,              0.0014772,              0.0014772,              0.0014772
                     26,                0.93457,                0.64058,                 1.3208,                0.99731,                0.99645,                  0.995,                0.76313,                0.90489,                 0.6077,                 1.3729,               0.001469,               0.001469,               0.001469
                     27,                 0.9721,                0.66001,                 1.3763,                0.99855,                0.99634,                  0.995,                0.79898,                0.75517,                0.54259,                  1.273,              0.0014607,              0.0014607,              0.0014607
                     28,                0.91019,                0.61272,                 1.2888,                0.99191,                  0.995,                0.99495,                0.81851,                 0.7481,                0.51596,                 1.2601,              0.0014525,              0.0014525,              0.0014525
                     29,                0.89594,                0.60298,                 1.2925,                0.99531,                0.99611,                0.99497,                0.79988,                0.76395,                0.50319,                 1.2848,              0.0014442,              0.0014442,              0.0014442
                     30,                 0.9162,                0.59335,                 1.2939,                0.99108,                0.99912,                0.99483,                0.81837,                0.71817,                0.49028,                 1.2374,               0.001436,               0.001436,               0.001436
                     31,                0.93916,                0.59044,                 1.3207,                0.99661,                0.99678,                0.99495,                0.79193,                0.79578,                0.55859,                 1.2885,              0.0014277,              0.0014277,              0.0014277
                     32,                0.96277,                0.58747,                  1.317,                0.99757,                      1,                  0.995,                0.81062,                0.75252,                0.49633,                 1.2724,              0.0014195,              0.0014195,              0.0014195
                     33,                0.93229,                0.57309,                 1.3024,                0.99639,                0.99421,                0.99493,                0.82616,                 0.7207,                0.46348,                 1.2294,              0.0014112,              0.0014112,              0.0014112
                     34,                0.88043,                0.55397,                 1.2886,                0.99768,                0.99746,                  0.995,                0.78417,                0.87852,                0.49928,                 1.3183,              0.0014029,              0.0014029,              0.0014029
                     35,                0.88293,                0.56792,                 1.2737,                0.99918,                0.99827,                  0.995,                0.80133,                0.79144,                0.51472,                  1.277,              0.0013947,              0.0013947,              0.0013947
                     36,                0.86131,                0.54601,                  1.238,                0.99887,                 0.9975,                  0.995,                0.79189,                0.79311,                0.50307,                    1.3,              0.0013864,              0.0013864,              0.0013864
                     37,                0.92143,                0.58707,                  1.302,                0.99215,                  0.995,                0.99495,                0.79754,                0.78181,                0.63496,                 1.2936,              0.0013782,              0.0013782,              0.0013782
                     38,                0.89053,                0.56198,                 1.2364,                0.99715,                  0.995,                0.99497,                0.81462,                0.74366,                0.50754,                 1.2486,              0.0013699,              0.0013699,              0.0013699
                     39,                0.83601,                0.54941,                 1.2031,                0.98982,                      1,                0.99495,                0.82046,                0.74149,                0.43815,                  1.243,              0.0013617,              0.0013617,              0.0013617
                     40,                0.82742,                0.50832,                 1.2135,                0.99354,                0.98518,                0.99355,                 0.7914,                0.76038,                 0.4733,                 1.2342,              0.0013534,              0.0013534,              0.0013534
                     41,                0.84322,                0.52699,                 1.2505,                0.99041,                      1,                0.99488,                 0.8207,                0.72293,                0.47014,                 1.2318,              0.0013452,              0.0013452,              0.0013452
                     42,                0.90781,                0.54477,                 1.2556,                 0.9975,                0.99671,                  0.995,                0.81891,                0.71446,                0.45237,                 1.2086,              0.0013369,              0.0013369,              0.0013369
                     43,                0.88308,                  0.543,                 1.2637,                 0.9984,                  0.995,                0.99498,                0.83744,                0.68827,                0.43779,                 1.1894,              0.0013287,              0.0013287,              0.0013287
                     44,                0.83904,                0.49715,                  1.231,                0.99803,                0.99734,                  0.995,                0.82828,                 0.7066,                0.41782,                 1.2115,              0.0013204,              0.0013204,              0.0013204
                     45,                0.83008,                0.52737,                 1.2156,                0.99274,                  0.998,                  0.995,                0.83752,                0.64525,                0.39612,                 1.1768,              0.0013122,              0.0013122,              0.0013122
                     46,                0.79799,                0.48331,                 1.1909,                0.99859,                  0.995,                0.99498,                 0.8294,                 0.6703,                0.41011,                 1.1891,              0.0013039,              0.0013039,              0.0013039
                     47,                0.81216,                0.50204,                 1.2084,                0.99445,                      1,                0.99498,                 0.8125,                0.73453,                0.47712,                 1.2414,              0.0012957,              0.0012957,              0.0012957
                     48,                0.81767,                0.48942,                  1.195,                0.99872,                0.99744,                  0.995,                0.83648,                0.67909,                0.40812,                 1.1897,              0.0012874,              0.0012874,              0.0012874
                     49,                 0.8363,                0.51223,                 1.2186,                0.99722,                      1,                  0.995,                0.82259,                 0.7005,                0.43476,                 1.2209,              0.0012792,              0.0012792,              0.0012792
                     50,                0.78514,                0.47496,                 1.1941,                0.99893,                  0.995,                0.99498,                 0.8417,                0.64309,                 0.4058,                 1.1654,              0.0012709,              0.0012709,              0.0012709
                     51,                0.77736,                 0.4745,                 1.1785,                0.99901,                0.99797,                  0.995,                0.83656,                0.67461,                0.40189,                 1.1884,              0.0012627,              0.0012627,              0.0012627
                     52,                0.79137,                0.47391,                 1.1726,                0.99913,                0.99844,                  0.995,                0.84193,                0.65645,                0.39637,                 1.1789,              0.0012544,              0.0012544,              0.0012544
                     53,                  0.835,                0.49903,                 1.2172,                0.99751,                      1,                  0.995,                0.83087,                0.65195,                0.39699,                 1.1674,              0.0012462,              0.0012462,              0.0012462
                     54,                0.76852,                0.46232,                 1.1642,                0.99613,                 0.9975,                  0.995,                0.83417,                0.64093,                0.39077,                 1.1682,              0.0012379,              0.0012379,              0.0012379
                     55,                0.78612,                0.47221,                  1.193,                0.99872,                      1,                  0.995,                0.81857,                0.70276,                0.41021,                 1.2022,              0.0012297,              0.0012297,              0.0012297
                     56,                0.78256,                0.46018,                 1.1824,                0.99753,                  0.995,                 0.9949,                0.83451,                0.66379,                0.46314,                 1.1749,              0.0012214,              0.0012214,              0.0012214
                     57,                0.78057,                 0.4781,                 1.1938,                0.99929,                0.99671,                  0.995,                0.84456,                0.64055,                0.36989,                 1.1485,              0.0012132,              0.0012132,              0.0012132
                     58,                0.77615,                0.46161,                 1.1825,                0.99783,                      1,                  0.995,                0.84771,                0.63878,                0.36314,                 1.1563,              0.0012049,              0.0012049,              0.0012049
                     59,                0.74702,                0.43481,                 1.1368,                0.99781,                  0.995,                 0.9949,                0.84553,                0.63786,                0.36565,                 1.1456,              0.0011967,              0.0011967,              0.0011967
                     60,                0.76033,                 0.4435,                 1.1689,                0.99655,                      1,                  0.995,                0.84903,                0.64447,                0.37543,                 1.1689,              0.0011884,              0.0011884,              0.0011884
                     61,                0.74232,                0.44035,                  1.159,                0.99928,                 0.9965,                  0.995,                0.84029,                0.66864,                0.36489,                 1.1716,              0.0011802,              0.0011802,              0.0011802
                     62,                0.75388,                0.44863,                 1.1676,                0.99794,                 0.9975,                  0.995,                0.85108,                0.62159,                0.35739,                 1.1387,              0.0011719,              0.0011719,              0.0011719
                     63,                0.74854,                0.44048,                 1.1383,                0.99643,                      1,                  0.995,                0.85272,                0.61396,                0.35279,                 1.1257,              0.0011636,              0.0011636,              0.0011636
                     64,                0.76112,                0.43229,                 1.1425,                0.99911,                      1,                  0.995,                0.84348,                0.66487,                0.36266,                 1.1649,              0.0011554,              0.0011554,              0.0011554
                     65,                0.79531,                 0.4454,                 1.1754,                0.99877,                      1,                  0.995,                0.84425,                0.66574,                0.34798,                 1.1588,              0.0011471,              0.0011471,              0.0011471
                     66,                0.74675,                0.41878,                 1.1447,                0.99919,                      1,                  0.995,                0.84737,                0.66755,                0.36115,                 1.1712,              0.0011389,              0.0011389,              0.0011389
                     67,                0.74204,                0.42049,                 1.1456,                  0.999,                      1,                  0.995,                0.85468,                0.61547,                0.33535,                 1.1299,              0.0011306,              0.0011306,              0.0011306
                     68,                 0.7443,                0.41681,                 1.1378,                  0.998,                      1,                  0.995,                0.85706,                0.60895,                 0.3312,                 1.1173,              0.0011224,              0.0011224,              0.0011224
                     69,                0.71119,                0.40435,                 1.1098,                0.99909,                      1,                  0.995,                0.84251,                0.63535,                0.33959,                 1.1458,              0.0011141,              0.0011141,              0.0011141
                     70,                0.73177,                0.40544,                  1.136,                0.99858,                      1,                  0.995,                0.84278,                0.65645,                 0.3486,                 1.1663,              0.0011059,              0.0011059,              0.0011059
                     71,                0.77228,                0.42622,                 1.1539,                0.99909,                      1,                  0.995,                0.83211,                0.65054,                0.35588,                  1.147,              0.0010976,              0.0010976,              0.0010976
                     72,                0.77393,                 0.4258,                  1.176,                0.99828,                      1,                  0.995,                 0.8378,                0.68045,                0.34902,                 1.1923,              0.0010894,              0.0010894,              0.0010894
                     73,                0.72476,                0.41317,                   1.12,                0.99818,                      1,                  0.995,                0.84919,                0.63441,                0.34333,                 1.1434,              0.0010811,              0.0010811,              0.0010811
                     74,                0.72556,                0.40997,                 1.1259,                0.99889,                      1,                  0.995,                 0.8559,                0.60694,                0.35246,                 1.1193,              0.0010729,              0.0010729,              0.0010729
                     75,                0.73934,                0.42642,                 1.1332,                0.99883,                      1,                  0.995,                0.85863,                0.60099,                0.33017,                 1.1152,              0.0010646,              0.0010646,              0.0010646
                     76,                0.76428,                0.42595,                 1.1724,                0.99854,                      1,                  0.995,                0.85972,                0.60416,                0.33469,                 1.1179,              0.0010564,              0.0010564,              0.0010564
                     77,                0.71492,                0.41204,                 1.1091,                0.99232,                0.99836,                0.99485,                 0.8543,                0.64068,                0.35775,                 1.1447,              0.0010481,              0.0010481,              0.0010481
                     78,                0.74338,                0.43058,                 1.1353,                0.99775,                      1,                  0.995,                0.86652,                0.59987,                0.33117,                 1.1113,              0.0010399,              0.0010399,              0.0010399
                     79,                0.72775,                0.41096,                 1.1053,                0.99915,                      1,                  0.995,                0.87087,                0.59835,                0.33133,                 1.1079,              0.0010316,              0.0010316,              0.0010316
                     80,                0.73683,                0.41121,                 1.1515,                0.99888,                      1,                  0.995,                0.84944,                0.63772,                0.34034,                 1.1388,              0.0010234,              0.0010234,              0.0010234
                     81,                0.72082,                0.40403,                 1.1022,                 0.9983,                      1,                  0.995,                0.84176,                0.63986,                0.34405,                 1.1494,              0.0010151,              0.0010151,              0.0010151
                     82,                0.75685,                0.42331,                 1.1369,                0.99933,                      1,                  0.995,                0.85674,                 0.6233,                 0.3418,                 1.1244,              0.0010069,              0.0010069,              0.0010069
                     83,                0.74191,                0.40723,                 1.1411,                0.99928,                      1,                  0.995,                0.85588,                0.62875,                0.34481,                 1.1359,             0.00099862,             0.00099862,             0.00099862
                     84,                0.74047,                0.41794,                 1.1471,                0.99865,                      1,                  0.995,                0.85642,                0.60599,                0.32809,                 1.1159,             0.00099036,             0.00099036,             0.00099036
                     85,                0.72761,                 0.4141,                 1.1162,                0.99889,                      1,                  0.995,                0.86433,                0.60599,                0.32222,                  1.117,             0.00098211,             0.00098211,             0.00098211
                     86,                0.70516,                0.40958,                 1.1175,                0.99944,                      1,                  0.995,                0.85607,                0.63567,                 0.3218,                 1.1435,             0.00097386,             0.00097386,             0.00097386
                     87,                0.68084,                0.38415,                 1.1023,                0.99887,                      1,                  0.995,                0.86124,                0.59406,                0.32635,                 1.1025,             0.00096561,             0.00096561,             0.00096561
                     88,                0.69825,                0.38922,                 1.0939,                0.99897,                      1,                  0.995,                0.86307,                0.61485,                0.31999,                 1.1223,             0.00095736,             0.00095736,             0.00095736
                     89,                0.72141,                0.40213,                 1.1317,                0.99791,                      1,                  0.995,                0.83905,                0.64051,                0.33667,                 1.1454,             0.00094911,             0.00094911,             0.00094911
                     90,                0.72615,                 0.4132,                 1.1284,                0.99857,                      1,                  0.995,                 0.8553,                0.63279,                0.33747,                 1.1482,             0.00094085,             0.00094085,             0.00094085
                     91,                0.72682,                0.40703,                 1.1278,                0.99873,                      1,                  0.995,                0.84777,                0.66058,                0.34172,                 1.1461,              0.0009326,              0.0009326,              0.0009326
                     92,                 0.7195,                0.40523,                  1.136,                0.99895,                      1,                  0.995,                0.87026,                0.59706,                0.33555,                 1.1063,             0.00092435,             0.00092435,             0.00092435
                     93,                0.71593,                0.39942,                 1.1002,                0.99852,                      1,                  0.995,                0.85664,                0.63264,                0.33489,                  1.129,              0.0009161,              0.0009161,              0.0009161
                     94,                0.71385,                0.40223,                 1.1292,                0.99887,                      1,                  0.995,                0.86826,                0.60594,                0.31723,                 1.1135,             0.00090785,             0.00090785,             0.00090785
                     95,                 0.7242,                0.39443,                 1.1265,                 0.9991,                      1,                  0.995,                0.87572,                0.57558,                0.30364,                 1.0913,              0.0008996,              0.0008996,              0.0008996
                     96,                0.68016,                  0.382,                 1.1091,                0.99897,                      1,                  0.995,                0.86859,                0.58592,                0.32192,                  1.099,             0.00089134,             0.00089134,             0.00089134
                     97,                0.71805,                0.38717,                 1.1409,                0.99821,                      1,                  0.995,                0.85154,                0.65764,                0.31733,                 1.1432,             0.00088309,             0.00088309,             0.00088309
                     98,                0.72127,                 0.3957,                 1.1329,                0.99907,                      1,                  0.995,                0.85774,                0.64428,                0.31829,                 1.1447,             0.00087484,             0.00087484,             0.00087484
                     99,                0.72827,                0.39672,                 1.1145,                0.99915,                      1,                  0.995,                0.85586,                0.65198,                0.34275,                 1.1444,             0.00086659,             0.00086659,             0.00086659
                    100,                0.68971,                0.38218,                 1.0904,                 0.9995,                      1,                  0.995,                0.87345,                0.56878,                0.30371,                 1.0879,             0.00085834,             0.00085834,             0.00085834
                    101,                0.68464,                0.38611,                 1.0963,                0.99927,                      1,                  0.995,                0.86127,                0.60676,                0.32125,                 1.1226,             0.00085009,             0.00085009,             0.00085009
                    102,                0.70173,                0.37747,                  1.091,                0.99934,                      1,                  0.995,                 0.8619,                0.59847,                0.31227,                 1.1063,             0.00084184,             0.00084184,             0.00084184
                    103,                0.69384,                0.39147,                 1.1102,                0.99865,                      1,                  0.995,                0.87657,                 0.5868,                0.30535,                 1.0948,             0.00083358,             0.00083358,             0.00083358
                    104,                0.68017,                0.37195,                 1.0963,                0.99787,                      1,                  0.995,                0.87848,                 0.5702,                0.30273,                 1.0866,             0.00082533,             0.00082533,             0.00082533
                    105,                 0.6903,                0.37866,                 1.0936,                0.99875,                      1,                  0.995,                 0.8699,                0.59572,                0.30492,                 1.1012,             0.00081708,             0.00081708,             0.00081708
                    106,                0.66191,                0.35413,                 1.0801,                0.99939,                      1,                  0.995,                0.85883,                0.60694,                0.30756,                 1.1251,             0.00080883,             0.00080883,             0.00080883
                    107,                0.68203,                0.37336,                 1.0986,                 0.9993,                      1,                  0.995,                0.87514,                0.57195,                0.29805,                 1.0818,             0.00080058,             0.00080058,             0.00080058
                    108,                0.65929,                 0.3683,                 1.0768,                0.99924,                      1,                  0.995,                0.87095,                0.58625,                 0.3026,                 1.0939,             0.00079233,             0.00079233,             0.00079233
                    109,                0.68872,                0.37899,                 1.1003,                 0.9988,                      1,                  0.995,                0.86967,                0.58903,                0.30719,                 1.1022,             0.00078407,             0.00078407,             0.00078407
                    110,                0.67702,                0.37555,                 1.0945,                0.99915,                      1,                  0.995,                0.87301,                0.56707,                0.30035,                 1.0796,             0.00077582,             0.00077582,             0.00077582
                    111,                0.65004,                0.35909,                 1.0681,                0.99923,                      1,                  0.995,                0.87464,                0.56065,                0.30063,                 1.0806,             0.00076757,             0.00076757,             0.00076757
                    112,                  0.661,                  0.364,                 1.0795,                0.99852,                      1,                  0.995,                0.87814,                0.56466,                   0.29,                 1.0797,             0.00075932,             0.00075932,             0.00075932
                    113,                0.66978,                0.37592,                 1.1016,                0.99926,                      1,                  0.995,                0.87674,                0.55979,                0.28922,                 1.0787,             0.00075107,             0.00075107,             0.00075107
                    114,                0.66469,                0.36196,                 1.0967,                0.99944,                      1,                  0.995,                0.86184,                0.61418,                0.29471,                 1.1182,             0.00074282,             0.00074282,             0.00074282
                    115,                0.66885,                0.36818,                 1.0767,                0.99878,                      1,                  0.995,                0.88503,                0.56448,                0.29869,                 1.0734,             0.00073456,             0.00073456,             0.00073456
                    116,                0.67303,                0.37428,                 1.0838,                0.99916,                      1,                  0.995,                0.86518,                0.57524,                0.30152,                 1.0889,             0.00072631,             0.00072631,             0.00072631
                    117,                0.67965,                0.35651,                 1.0771,                0.99919,                      1,                  0.995,                0.86024,                0.59098,                0.29728,                 1.0963,             0.00071806,             0.00071806,             0.00071806
                    118,                 0.6842,                0.36595,                 1.0954,                0.99893,                      1,                  0.995,                0.87072,                0.56666,                0.29345,                 1.0787,             0.00070981,             0.00070981,             0.00070981
                    119,                0.66382,                0.35847,                 1.0792,                0.99896,                      1,                  0.995,                 0.8679,                0.57433,                0.29359,                 1.0897,             0.00070156,             0.00070156,             0.00070156
                    120,                0.67265,                0.36868,                 1.1054,                0.99932,                      1,                  0.995,                0.88439,                0.55015,                0.29212,                  1.068,             0.00069331,             0.00069331,             0.00069331
                    121,                 0.6865,                0.37022,                 1.0997,                0.99913,                      1,                  0.995,                0.87861,                0.54878,                0.29306,                 1.0651,             0.00068505,             0.00068505,             0.00068505
                    122,                0.66196,                0.36991,                 1.0831,                0.99916,                      1,                  0.995,                0.88254,                0.54629,                0.29029,                 1.0606,              0.0006768,              0.0006768,              0.0006768
                    123,                 0.6426,                0.34838,                 1.0721,                0.99885,                      1,                  0.995,                0.87793,                0.55831,                0.29015,                 1.0749,             0.00066855,             0.00066855,             0.00066855
                    124,                0.66046,                0.35361,                 1.0842,                0.99911,                      1,                  0.995,                0.88108,                0.55678,                0.29234,                 1.0694,              0.0006603,              0.0006603,              0.0006603
                    125,                0.66162,                0.36026,                  1.093,                0.99944,                      1,                  0.995,                0.87604,                 0.5647,                0.29561,                 1.0763,             0.00065205,             0.00065205,             0.00065205
                    126,                 0.6843,                0.36781,                 1.0935,                0.99933,                      1,                  0.995,                 0.8871,                0.55184,                0.28664,                 1.0651,              0.0006438,              0.0006438,              0.0006438
                    127,                0.67484,                0.35319,                 1.1069,                0.99926,                      1,                  0.995,                0.88126,                0.54493,                0.28049,                 1.0629,             0.00063554,             0.00063554,             0.00063554
                    128,                0.62385,                0.33338,                 1.0678,                0.99936,                      1,                  0.995,                0.87599,                0.55206,                 0.2796,                 1.0647,             0.00062729,             0.00062729,             0.00062729
                    129,                0.63587,                0.34257,                 1.0793,                0.99941,                      1,                  0.995,                0.88261,                0.54294,                0.27665,                 1.0595,             0.00061904,             0.00061904,             0.00061904
                    130,                0.64512,                0.34641,                  1.081,                 0.9992,                      1,                  0.995,                0.87901,                0.54826,                0.28626,                  1.071,             0.00061079,             0.00061079,             0.00061079
                    131,                0.65785,                0.35177,                 1.0717,                 0.9993,                      1,                  0.995,                0.87978,                0.56375,                0.29046,                 1.0752,             0.00060254,             0.00060254,             0.00060254
                    132,                0.64877,                0.34671,                 1.0735,                0.99914,                      1,                  0.995,                0.87763,                0.55319,                0.28713,                 1.0646,             0.00059429,             0.00059429,             0.00059429
                    133,                0.65176,                0.34358,                  1.062,                0.99893,                      1,                  0.995,                0.87526,                0.56393,                0.28327,                 1.0661,             0.00058603,             0.00058603,             0.00058603
                    134,                0.64284,                0.35265,                 1.0645,                0.99907,                      1,                  0.995,                0.87591,                0.54941,                0.27826,                 1.0663,             0.00057778,             0.00057778,             0.00057778
                    135,                0.61542,                0.33883,                 1.0584,                0.99965,                      1,                  0.995,                0.87761,                0.54371,                0.27612,                 1.0626,             0.00056953,             0.00056953,             0.00056953
                    136,                0.62487,                0.32956,                  1.062,                0.99923,                      1,                  0.995,                 0.8794,                0.53699,                0.27989,                 1.0494,             0.00056128,             0.00056128,             0.00056128
                    137,                0.64399,                0.35081,                 1.0665,                0.99866,                      1,                  0.995,                0.87909,                0.57352,                  0.291,                 1.0806,             0.00055303,             0.00055303,             0.00055303
                    138,                0.65271,                 0.3502,                 1.0731,                0.99915,                      1,                  0.995,                0.87922,                 0.5401,                0.27675,                 1.0521,             0.00054478,             0.00054478,             0.00054478
                    139,                0.64705,                0.35037,                 1.0538,                0.99877,                      1,                  0.995,                0.86645,                0.59627,                0.29816,                 1.0939,             0.00053652,             0.00053652,             0.00053652
                    140,                0.68033,                0.35809,                  1.092,                 0.9991,                      1,                  0.995,                0.87917,                0.55778,                0.28837,                  1.071,             0.00052827,             0.00052827,             0.00052827
                    141,                0.63207,                0.34134,                 1.0477,                0.99895,                      1,                  0.995,                0.88008,                0.54343,                0.28461,                 1.0567,             0.00052002,             0.00052002,             0.00052002
                    142,                  0.621,                0.33864,                 1.0479,                0.99919,                      1,                  0.995,                0.88189,                0.53954,                0.27312,                 1.0574,             0.00051177,             0.00051177,             0.00051177
                    143,                0.64599,                0.33608,                 1.0844,                0.99938,                      1,                  0.995,                0.88782,                0.53605,                0.27037,                 1.0538,             0.00050352,             0.00050352,             0.00050352
                    144,                0.61026,                0.32519,                 1.0391,                0.99931,                      1,                  0.995,                0.88436,                0.53917,                0.27392,                 1.0501,             0.00049527,             0.00049527,             0.00049527
                    145,                 0.6145,                0.33716,                 1.0528,                0.99949,                      1,                  0.995,                0.88481,                0.52682,                0.26669,                 1.0488,             0.00048701,             0.00048701,             0.00048701
                    146,                0.61868,                0.33752,                 1.0723,                0.99949,                      1,                  0.995,                0.88378,                0.52715,                0.27077,                 1.0462,             0.00047876,             0.00047876,             0.00047876
                    147,                0.62281,                0.32337,                  1.035,                0.99955,                      1,                  0.995,                0.89577,                0.52313,                0.26516,                 1.0427,             0.00047051,             0.00047051,             0.00047051
                    148,                0.58629,                0.32003,                 1.0238,                0.99959,                      1,                  0.995,                0.88634,                0.54184,                0.26402,                 1.0515,             0.00046226,             0.00046226,             0.00046226
                    149,                 0.6481,                0.33328,                  1.088,                0.99952,                      1,                  0.995,                0.88291,                0.54131,                0.26669,                 1.0493,             0.00045401,             0.00045401,             0.00045401
                    150,                0.61462,                0.32774,                 1.0518,                0.99963,                      1,                  0.995,                0.88776,                0.53564,                0.26154,                 1.0494,             0.00044576,             0.00044576,             0.00044576
                    151,                0.61081,                0.32526,                 1.0508,                0.99933,                      1,                  0.995,                0.88692,                0.53597,                0.26522,                 1.0457,              0.0004375,              0.0004375,              0.0004375
                    152,                 0.6194,                0.33225,                 1.0545,                0.99964,                      1,                  0.995,                0.88735,                0.52927,                0.26189,                 1.0474,             0.00042925,             0.00042925,             0.00042925
                    153,                0.62829,                 0.3365,                 1.0578,                0.99954,                      1,                  0.995,                0.88641,                0.53998,                0.26625,                 1.0553,               0.000421,               0.000421,               0.000421
                    154,                0.62454,                 0.3256,                 1.0523,                0.99956,                      1,                  0.995,                0.89146,                0.52183,                0.26608,                 1.0388,             0.00041275,             0.00041275,             0.00041275
                    155,                0.59621,                0.32233,                  1.061,                0.99954,                      1,                  0.995,                0.89041,                0.52277,                0.26358,                 1.0389,              0.0004045,              0.0004045,              0.0004045
                    156,                0.61948,                0.32233,                  1.034,                0.99954,                      1,                  0.995,                0.89126,                0.52458,                0.26197,                 1.0384,             0.00039625,             0.00039625,             0.00039625
                    157,                0.62137,                0.31811,                 1.0359,                0.99951,                      1,                  0.995,                0.89379,                0.52249,                0.26275,                 1.0348,             0.00038799,             0.00038799,             0.00038799
                    158,                0.58901,                0.31556,                 1.0386,                0.99934,                      1,                  0.995,                0.89022,                 0.5318,                0.26364,                 1.0465,             0.00037974,             0.00037974,             0.00037974
                    159,                0.62976,                0.33386,                  1.074,                0.99961,                      1,                  0.995,                0.88817,                0.53478,                0.25649,                 1.0544,             0.00037149,             0.00037149,             0.00037149
                    160,                0.61649,                0.32223,                 1.0488,                0.99965,                      1,                  0.995,                 0.8906,                0.52675,                0.25953,                 1.0422,             0.00036324,             0.00036324,             0.00036324
                    161,                0.62306,                 0.3251,                 1.0452,                0.99952,                      1,                  0.995,                 0.8891,                0.52589,                0.26088,                  1.044,             0.00035499,             0.00035499,             0.00035499
                    162,                0.59681,                0.31616,                 1.0246,                0.99954,                      1,                  0.995,                0.89332,                0.51391,                0.25837,                 1.0362,             0.00034674,             0.00034674,             0.00034674
                    163,                0.59798,                0.31452,                 1.0562,                0.99943,                      1,                  0.995,                0.89506,                0.50942,                0.24711,                 1.0299,             0.00033848,             0.00033848,             0.00033848
                    164,                0.60839,                0.31597,                  1.048,                 0.9995,                      1,                  0.995,                0.89412,                0.51508,                0.25314,                 1.0373,             0.00033023,             0.00033023,             0.00033023
                    165,                 0.6188,                0.31882,                 1.0478,                0.99952,                      1,                  0.995,                0.89476,                0.50824,                 0.2536,                 1.0297,             0.00032198,             0.00032198,             0.00032198
                    166,                0.60116,                 0.3107,                 1.0568,                0.99957,                      1,                  0.995,                0.89064,                0.52267,                0.25727,                 1.0365,             0.00031373,             0.00031373,             0.00031373
                    167,                0.61039,                0.31846,                 1.0398,                0.99966,                      1,                  0.995,                0.89075,                0.51229,                0.25235,                 1.0293,             0.00030548,             0.00030548,             0.00030548
                    168,                0.60553,                0.32104,                 1.0497,                0.99956,                      1,                  0.995,                0.89589,                0.51206,                0.24778,                 1.0331,             0.00029723,             0.00029723,             0.00029723
                    169,                0.57988,                0.30428,                 1.0307,                0.99963,                      1,                  0.995,                0.89447,                0.51335,                0.25589,                  1.031,             0.00028897,             0.00028897,             0.00028897
                    170,                0.60177,                0.32156,                 1.0402,                0.99965,                      1,                  0.995,                0.89068,                0.53327,                0.25157,                 1.0478,             0.00028072,             0.00028072,             0.00028072
                    171,                0.61276,                0.32003,                 1.0604,                0.99956,                      1,                  0.995,                 0.8982,                0.50477,                0.24726,                 1.0235,             0.00027247,             0.00027247,             0.00027247
                    172,                0.59223,                0.30967,                 1.0346,                0.99958,                      1,                  0.995,                0.89236,                0.51351,                0.25032,                 1.0296,             0.00026422,             0.00026422,             0.00026422
                    173,                0.60778,                0.31701,                 1.0344,                0.99955,                      1,                  0.995,                0.88263,                0.53705,                 0.2517,                 1.0483,             0.00025597,             0.00025597,             0.00025597
                    174,                0.60573,                0.31294,                 1.0309,                0.99952,                      1,                  0.995,                0.89309,                0.51113,                0.25162,                 1.0282,             0.00024772,             0.00024772,             0.00024772
                    175,                0.58609,                0.31019,                 1.0357,                0.99967,                      1,                  0.995,                0.89394,                0.50958,                0.24726,                 1.0223,             0.00023946,             0.00023946,             0.00023946
                    176,                0.59761,                0.30367,                 1.0341,                 0.9996,                      1,                  0.995,                0.90091,                0.50265,                0.24793,                 1.0203,             0.00023121,             0.00023121,             0.00023121
                    177,                0.59291,                0.30683,                 1.0377,                0.99956,                      1,                  0.995,                0.89758,                0.50565,                0.24779,                 1.0238,             0.00022296,             0.00022296,             0.00022296
                    178,                0.57759,                0.30257,                 1.0197,                0.99956,                      1,                  0.995,                0.89468,                0.51114,                0.24606,                  1.024,             0.00021471,             0.00021471,             0.00021471
                    179,                0.56833,                0.29943,                 1.0012,                0.99956,                      1,                  0.995,                0.89292,                 0.5184,                0.24598,                 1.0279,             0.00020646,             0.00020646,             0.00020646
                    180,                0.58851,                0.30463,                 1.0309,                0.99959,                      1,                  0.995,                0.89547,                0.50402,                 0.2416,                 1.0208,             0.00019821,             0.00019821,             0.00019821
                    181,                0.57406,                0.29889,                 1.0066,                0.99962,                      1,                  0.995,                0.89788,                0.50312,                0.24004,                 1.0197,             0.00018995,             0.00018995,             0.00018995
                    182,                0.58527,                0.30962,                 1.0307,                0.99962,                      1,                  0.995,                0.89858,                0.50362,                 0.2446,                 1.0207,              0.0001817,              0.0001817,              0.0001817
                    183,                0.57682,                0.30317,                 1.0147,                0.99957,                      1,                  0.995,                 0.8999,                0.49715,                0.24335,                 1.0156,             0.00017345,             0.00017345,             0.00017345
                    184,                 0.5942,                0.31008,                 1.0248,                0.99966,                      1,                  0.995,                 0.9007,                0.49646,                0.24031,                 1.0151,              0.0001652,              0.0001652,              0.0001652
                    185,                0.60439,                 0.3162,                 1.0216,                0.99962,                      1,                  0.995,                0.89728,                0.50846,                0.23968,                 1.0266,             0.00015695,             0.00015695,             0.00015695
                    186,                0.57259,                0.29597,                   1.02,                0.99967,                      1,                  0.995,                0.90014,                0.49796,                0.23858,                  1.017,              0.0001487,              0.0001487,              0.0001487
                    187,                0.57475,                0.31074,                 1.0303,                0.99962,                      1,                  0.995,                0.89883,                0.49871,                0.23852,                 1.0183,             0.00014044,             0.00014044,             0.00014044
                    188,                0.59093,                0.29762,                  1.023,                0.99961,                      1,                  0.995,                0.89905,                0.49915,                0.24434,                 1.0172,             0.00013219,             0.00013219,             0.00013219
                    189,                0.58563,                0.30078,                 1.0199,                0.99964,                      1,                  0.995,                0.90172,                0.49677,                0.24036,                 1.0158,             0.00012394,             0.00012394,             0.00012394
                    190,                0.58448,                0.29991,                 1.0383,                0.99963,                      1,                  0.995,                0.89982,                0.49703,                0.24105,                 1.0164,             0.00011569,             0.00011569,             0.00011569
                    191,                0.54639,                 0.2777,                 1.0291,                0.99958,                      1,                  0.995,                0.90157,                0.50315,                0.24425,                 1.0161,             0.00010744,             0.00010744,             0.00010744
                    192,                0.53505,                0.26431,                 1.0485,                0.99953,                      1,                  0.995,                0.89751,                0.49834,                0.24617,                 1.0142,             9.9187e-05,             9.9187e-05,             9.9187e-05
                    193,                0.52366,                0.26288,                  1.019,                0.99958,                      1,                  0.995,                0.89781,                 0.4973,                0.24453,                 1.0157,             9.0935e-05,             9.0935e-05,             9.0935e-05
                    194,                0.53717,                0.26069,                  1.041,                0.99959,                      1,                  0.995,                0.89758,                0.50035,                0.24152,                 1.0195,             8.2683e-05,             8.2683e-05,             8.2683e-05
                    195,                0.52728,                0.26174,                 1.0359,                0.99957,                      1,                  0.995,                0.89718,                0.49553,                0.24002,                 1.0142,             7.4432e-05,             7.4432e-05,             7.4432e-05
                    196,                0.51888,                0.25631,                 1.0268,                0.99958,                      1,                  0.995,                0.89916,                 0.4965,                0.24082,                 1.0154,              6.618e-05,              6.618e-05,              6.618e-05
                    197,                0.52077,                 0.2532,                 1.0333,                0.99953,                      1,                  0.995,                0.89647,                0.49489,                0.24043,                 1.0126,             5.7928e-05,             5.7928e-05,             5.7928e-05
                    198,                0.52136,                0.25144,                  1.005,                0.99949,                      1,                  0.995,                0.89929,                0.49676,                0.23786,                  1.014,             4.9677e-05,             4.9677e-05,             4.9677e-05
                    199,                0.51946,                0.25448,                  1.027,                0.99947,                      1,                  0.995,                0.89916,                0.49115,                0.23544,                 1.0111,             4.1425e-05,             4.1425e-05,             4.1425e-05
                    200,                0.52129,                0.25254,                 1.0041,                0.99947,                      1,                  0.995,                0.89874,                0.48979,                0.23504,                 1.0115,             3.3173e-05,             3.3173e-05,             3.3173e-05
